INSERT INTO country (countryId, name) VALUES (1, "Österreich");

INSERT INTO province (countryId, provinceId, name) 
VALUES (1, 1, "Burgenland"),
	(1, 2, "Kärnten"),
	(1, 3, "Niederösterreich"),
	(1, 4, "Oberösterreich"),
	(1, 5, "Salzburg"),
	(1, 6, "Steiermark"),
	(1, 7, "Tirol"),
	(1, 8, "Vorarlberg"),
	(1, 9, "Wien");
    
INSERT INTO district (provinceId, districtId, name) 
VALUES ( 1, 1, "Eisenstadt"),
	(1,  2, "Eisenstadt-Umgebung"),
	( 1, 3, "Güssing"),
	(1,  4, "Jennersdorf"),
	(1,  5, "Mattersburg"),
	( 1, 6, "Neusiedl am See"),
	(1,  7, "Oberpullendorf"),
	( 1, 8, "Oberwart"),
	( 1, 9, "Rust");

INSERT INTO district (provinceId, districtId, name) 
VALUES ( 2, 10, "Klagenfurt am Wörthersee"),
	( 2, 11, "Klagenfurt-Land"),
	( 2, 12, "Feldkirchen"),
	( 2, 13, "Hermagor"),
	( 2, 14, "Sankt Veit an der Glan"),
	( 2, 15, "Spittal an der Drau"),
	( 2, 16, "Villach"),
	( 2, 17, "Villach-Land"),
	( 2, 18, "Völkermarkt"),
	( 2, 19, "Wolfsberg");

INSERT INTO district (provinceId, districtId, name) 
VALUES ( 3, 20, "Amstetten"),
	( 3, 21, "Baden"),
	( 3, 22, "Bruck an der Leitha"),
	( 3, 23, "Gänserndorf"),
	( 3, 24, "Gmünd"),
	( 3, 25, "Hollabrunn"),
	( 3, 26, "Horn"),
	( 3, 27, "Korneuburg"),
	( 3, 28, "Krems"),
	( 3, 29, "Krems an der Donau"),
	( 3, 30, "Lilienfeld"),
	( 3, 31, "Melk"),
	( 3, 32, "Mistelbach"),
	( 3, 33, "Mödling"),
	( 3, 34, "Neunkirchen"),
	( 3, 35, "Sankt Pölten"),
	( 3, 36, "Scheibbs"),
	( 3, 37, "Tulln"),
	( 3, 38, "Waidhofen an der Thaya"),
	( 3, 39, "Waidhofen an der Ybbs"),
	( 3, 40, "Wiener Neustadt"),
	( 3, 41, "Zwettl");

INSERT INTO district (provinceId, districtId, name) 
VALUES ( 4, 42, "Braunau am Inn"),
	( 4, 43, "Eferding"),
	( 4, 44, "Freistadt"),
	( 4, 45, "Gmunden"),
	( 4, 46, "Grieskirchen"),
	( 4, 47, "Kirchdorf an der Krems"),
	( 4, 48, "Linz-Land"),
	( 4, 49, "Perg"),
	( 4, 50, "Ried im Innkreis"),
	( 4, 51, "Rohrbach"),
	( 4, 52, "Schärding"),
	( 4, 53, "Steyr-Land"),
	( 4, 54, "Urfahr-Umgebung"),
	( 4, 55, "Vöcklabruck"),
	( 4, 56, "Wels-Land");

INSERT INTO district (provinceId, districtId, name) 
VALUES ( 5, 57, "Salzburg-Stadt"),
	( 5, 58, "Hallein"),
	( 5, 59, "Salzburg-Umgebung"),
	( 5, 60, "St. Johann im Pongau"),
	( 5, 61, "Tamsweg"),
	( 5, 62, "Zell am See");

INSERT INTO district (provinceId, districtId, name) 
VALUES ( 6, 63, "Bruck-Mürzzuschlag"),
	( 6, 64, "Deutschlandsberg"),
	( 6, 65, "Graz"),
	( 6, 66, "Graz-Umgebung"),
	( 6, 67, "Leibnitz"),
	( 6, 68, "Leoben"),
	( 6, 69, "Liezen"),
	( 6, 70, "Murau"),
	( 6, 71, "Murtal"),
	( 6, 72, "Südoststeiermark"),
	( 6, 73, "Voitsberg"),
	( 6, 74, "Weiz");

INSERT INTO district (provinceId, districtId, name) 
VALUES ( 7, 75, "Imst"),
	( 7, 76, "Innsbruck-Stadt"),
	( 7, 77, "Innsbruck-Land"),
	( 7, 78, "Kitzbühel"),
	( 7, 79, "Kufstein"),
	( 7, 80, "Landeck"),
	( 7, 81, "Reutte"),
	( 7, 82, "Schwaz"),
	( 7, 83, "Lienz");

INSERT INTO district (provinceId, districtId, name) 
VALUES ( 8, 84, "Bregenz"),
	( 8, 85, "Dornbirn"),
	( 8, 86, "Feldkirch"),
	( 8, 87, "Bludenz");

INSERT INTO district (provinceId, districtId, name) 
VALUES ( 9, 88, "Innere Stadt"),
	( 9, 89, "Leoppoldstadt"),
	( 9, 90, "Landstraße"),
	( 9, 91, "Wieden"),
	( 9, 92, "Margareten"),
	( 9, 93, "Mariahilf"),
	( 9, 94, "Neubau"),
	( 9, 95, "Josefstadt"),
	( 9, 96, "Alsergrund"),
	( 9, 97, "Favoriten"),
	( 9, 98, "Simmering"),
	( 9, 99, "Meidling"),
	( 9, 100, "Hietzing"),
	( 9, 101, "Penzing"),
	( 9, 102, "Rudolfsheim-Fünfhaus"),
	( 9, 103, "Ottakring"),
	( 9, 104, "Hernals"),
	( 9, 105, "Währing"),
	( 9, 106, "Döbling"),
	( 9, 107, "Brigittenau"),
	( 9, 108, "Floridsdorf"),
	( 9, 109, "Donaustadt"),
	( 9, 110, "Liesing");
    
INSERT INTO community (communityId, districtId, name) VALUES
	(1, 6, "Andau"),
	(2, 8, "Bad Tatzmannsdorf"),
	(3, 8, "Bernstein"),
	(4, 6, "Bruckneudorf"),
	(5, 1, "St. Georgen/Leitageb."),
	(6, 3, "Güssing"),
	(7, 8, "Großpetersdorf"),
	(8, 8, "Grafenschachen"),
	(9, 7, "Lutzmannsburg"),
	(10, 5, "Mattersburg"),
	(11, 7, "Markt Sankt Martin"),
	(12, 6, "Neusiedl am See"),
	(13, 6, "Podersdorf am See"),
	(14, 8, "Rechnitz"),
	(15, 3, "Wörterberg"),
	(16, 8, "Arriach"),
	(17, 8, "Bad Bleiberg"),
	(18, 9, "Eisenkappel-Vellach"),
	(19, 6, "Dellach im Drautal"),
	(20, 6, "Großkirchheim"),
	(21, 9, "Feistritz ob Bleiburg"),
	(22, 3, "Feldkirchen in Kärnten"),
	(23, 2, "Ferlach"),
	(24, 5, "Flattnitz"),
	(25, 8, "Fresach"),
	(26, 5, "Friesach"),
	(27, 6, "Gmünd in Kärnten"),
	(28, 4, "Görtschach"),
	(29, 8, "Treffen"),
	(30, 5, "Sankt Michael im Lungau"),
	(31, 1, "Terndorf"),
	(32, 4, "Lesachtal"),
	(33, 4, "Kötschach-Mauthen"),
	(34, 6, "Mallnitz"),
	(35, 6, "Großdombra"),
	(36, 6, "Obervellach"),
	(37, 2, "Pörtschach am Wörther See"),
	(38, 10, "Unterpreitenegg"),
	(39, 6, "Aneterhof"),
	(40, 10, "Sankt Andrä"),
	(41, 5, "Sankt Veit an der Glan"),
	(42, 7, "St. Agathen"),
	(43, 9, "Neubruch"),
	(44, 6, "Weißensee"),
	(45, 5, "Weitensfeld im Gurktal"),
	(46, 22, "Allentsteig"),
	(47, 1, "Amstetten"),
	(48, 15, "Warth"),
	(49, 3, "Bad Deutsch-Altenburg"),
	(50, 22, "Bärnkopf"),
	(51, 2, "Berndorf"),
	(52, 14, "Brunn am Gebirge"),
	(53, 16, "Maria-Anzbach"),
	(54, 4, "Gänserndorf"),
	(55, 7, "Gars am Kamp"),
	(56, 4, "Groß-Enzersdorf"),
	(57, 14, "Gumpoldskirchen"),
	(58, 21, "Gutenstein"),
	(59, 15, "Semmering"),
	(60, 21, "Hohe Wand"),
	(61, 4, "Hohenau an der March"),
	(62, 7, "Horn"),
	(63, 9, "Maria Laach"),
	(64, 2, "Klausen-Leopoldsdorf"),
	(65, 9, "Krems"),
	(66, 21, "Krumbach"),
	(67, 13, "Schilfweg"),
	(68, 18, "Tulln an der Donau"),
	(69, 9, "Langenlois"),
	(70, 8, "Ernstbrunn"),
	(71, 11, "Lilienfeld"),
	(72, 5, "Litschau"),
	(73, 17, "Lunz am See"),
	(74, 12, "Melk"),
	(75, 13, "Mistelbach"),
	(76, 15, "Mönichkirchen"),
	(77, 17, "Oberndorf an der Melk"),
	(78, 15, "Ternitz"),
	(79, 13, "Poysdorf"),
	(80, 15, "Puchberg am Schneeberg"),
	(81, 19, "Raabs an der Thaya"),
	(82, 15, "Reichenau an der Rax"),
	(83, 6, "Retz"),
	(84, 6, "Grabern"),
	(85, 3, "Klein-Neusiedl"),
	(86, 2, "Seibersdorf"),
	(87, 1, "Spital am Semmering"),
	(88, 16, "St. Pölten"),
	(89, 22, "Zwettl-Niederösterreich"),
	(90, 8, "Stockerau"),
	(91, 1, "Behamberg"),
	(92, 20, "Waidhofen"),
	(93, 5, "Weitra"),
	(94, 17, "Wieselburg"),
	(95, 13, "Wolkersdorf"),
	(96, 21, "Wiener Neustadt"),
	(97, 4, "Zwerndorf"),
	(98, 4, "Altmünster"),
	(99, 1, "Aspach"),
	(100, 4, "Bad Goisern am Hallstättersee"),
	(101, 4, "Bad Ischl"),
	(102, 3, "Bad Zell"),
	(103, 1, "Braunau-Neustadt"),
	(104, 4, "Obertraun"),
	(105, 4, "Gröbming"),
	(106, 7, "Enns"),
	(107, 4, "Ebensee am Traunsee"),
	(108, 3, "Graben"),
	(109, 5, "Gallspach"),
	(110, 7, "Hörsching"),
	(111, 10, "Kollerschlag"),
	(112, 6, "Kremsmünster"),
	(113, 7, "Innere Stadt"),
	(114, 1, "Mattighofen"),
	(115, 6, "Micheldorf in Oberösterreich"),
	(116, 14, "Mondsee"),
	(117, 1, "Ostermiething"),
	(118, 13, "Reichenau im Mühlkreis"),
	(119, 9, "Reichersberg"),
	(120, 9, "Südtiroler Straße"),
	(121, 10, "Rohrbach-Berg"),
	(122, 11, "Vorstadt"),
	(123, 4, "St. Wolfgang im Salzkammergut"),
	(124, 14, "Salzburger Straße"),
	(125, 5, "Waizenkirchen"),
	(126, 15, "Schleißheim"),
	(127, 12, "Weyer"),
	(128, 6, "Windischgarsten"),
	(129, 14, "Wolfsegg am Hausruck"),
	(130, 2, "Abtenau"),
	(131, 4, "Bad Gastein"),
	(132, 4, "Bischofshofen"),
	(133, 2, "Golling an der Salzach"),
	(134, 4, "Großarl"),
	(135, 6, "Rauris"),
	(136, 3, "Thalgau"),
	(137, 6, "Krimml"),
	(138, 6, "Lofer"),
	(139, 4, "Waidring"),
	(140, 6, "Maria Alm am Steinernen Meer"),
	(141, 5, "Mariapfarr"),
	(142, 3, "Mattsee"),
	(143, 6, "Mittersill"),
	(144, 5, "Tweng"),
	(145, 4, "Radstadt"),
	(146, 6, "Uttendorf"),
	(147, 6, "Saalbach-Hinterglemm"),
	(148, 6, "Piesendorf"),
	(149, 4, "Sankt Veit im Pongau"),
	(150, 5, "Tamsweg"),
	(151, 6, "Altstadt"),
	(152, 1, "Aflenz Kurort"),
	(153, 8, "Aigen im Ennstal"),
	(154, 8, "Bad Aussee"),
	(155, 11, "Bad Gleichenberg"),
	(156, 8, "Bad Mitterndorf"),
	(157, 11, "Bad Radkersburg"),
	(158, 1, "Bruck an der Mur"),
	(159, 2, "Siemensstraße"),
	(160, 5, "Rohrbach an der Lafnitz"),
	(161, 11, "Unterweißenbach"),
	(162, 13, "Fischbach"),
	(163, 4, "Frohnleiten"),
	(164, 5, "Fürstenfeld"),
	(165, 13, "Gleisdorf"),
	(166, 4, "Kalsdorf"),
	(167, 3, "Straßgang"),
	(168, 3, "Geidorf"),
	(169, 8, "Admont"),
	(170, 5, "Hartberg"),
	(171, 8, "Irdning-Donnersbachtal"),
	(172, 7, "Kalwang"),
	(173, 1, "Kapfenberg"),
	(174, 12, "Köflach"),
	(175, 4, "Laßnitzhöhe"),
	(176, 7, "Zeltenschlagstraße"),
	(177, 1, "Mariazell"),
	(178, 8, "Mooslandl"),
	(179, 9, "Achner"),
	(180, 1, "Mürzzuschlag"),
	(181, 9, "Neumarkt in der Steiermark"),
	(182, 9, "Oberwölz"),
	(183, 7, "Vordernberg"),
	(184, 8, "Rottenmann"),
	(185, 4, "St. Radegund"),
	(186, 10, "Seckau"),
	(187, 6, "Wagna"),
	(188, 10, "Zeltweg"),
	(189, 8, "Achenkirch"),
	(190, 5, "Alpbach"),
	(191, 3, "Gries am Brenner"),
	(192, 1, "St. Leonhard im Pitztal"),
	(193, 7, "Ehrwald"),
	(194, 6, "Kappl"),
	(195, 4, "Klösterle"),
	(196, 4, "Kirchberg in Tirol"),
	(197, 1, "Haiming"),
	(198, 8, "Tux"),
	(199, 4, "Hochfilzen"),
	(200, 7, "Holzgau"),
	(201, 1, "Meraner Straße"),
	(202, 6, "Ischgl"),
	(203, 8, "Jenbach"),
	(204, 9, "Kals"),
	(205, 4, "Kirchdorf in Tirol"),
	(206, 4, "Legenden-Pfad"),
	(207, 4, "Kössen"),
	(208, 5, "Weissach"),
	(209, 6, "Innstraße"),
	(210, 9, "Bürgerau"),
	(211, 8, "Mayrhofen"),
	(212, 6, "Nauders"),
	(213, 3, "Neustift im Stubaital"),
	(214, 1, "Sölden"),
	(215, 3, "Tulfes"),
	(216, 6, "Prutz"),
	(217, 7, "Reutte"),
	(218, 3, "Rinn"),
	(219, 3, "Schmirn"),
	(220, 3, "Seefeld"),
	(221, 9, "Sillian"),
	(222, 5, "Söll"),
	(223, 6, "Sankt Anton am Arlberg"),
	(224, 9, "Sankt Jakob in Defereggen"),
	(225, 3, "Steinach am Brenner"),
	(226, 7, "Tannheim"),
	(227, 1, "Umhausen"),
	(228, 9, "Virgen"),
	(229, 1, "Dresslen"),
	(230, 4, "Rungelinerstraße"),
	(231, 4, "Brand"),
	(232, 1, "Kapuzinergasse"),
	(233, 2, "Rohrbach"),
	(234, 3, "Rankweil"),
	(235, 3, "Fraxern"),
	(236, 4, "Sankt Gallenkirch"),
	(237, 4, "Dalaas"),
	(238, 3, "Laterns"),
	(239, 4, "Lech"),
	(240, 1, "Mittelberg"),
	(241, 1, "Höchst"),
	(242, 1, "Schoppernau"),
	(243, 1, "Oberboden"),
	(244, 1, "Sulzberg"),
	(245, 21, "Floridsdorf"),
	(246, 19, "KG Heiligenstadt"),
	(247, 4, "KG Wieden"),
	(248, 14, "Penzing"),
	(249, 10, "Favoriten");
    
INSERT INTO address (addressId, communityId, location, zip) VALUES
	(1, 1, "Andau Bezirk Neusiedl", 7163),
	(2, 2, "Josef Hölzel Allee Bad Tatzmannsdorf Bezirk Oberwart", 7431),
	(3, 3, "SV Bernstein Josef-Haydn-Gasse Grundbaldauf Gemeinde Bernstein Bezirk Oberwart", 7434),
	(4, 4, "Heustadel Gemeinde Bruckneudorf Bezirk Neusiedl", 7111),
	(5, 5, "13a Kasernenstraße St. Georgen/Leitageb. Eisenstadt", 7000),
	(6, 6, "Mühlwinkel Poldlmeierhof Gemeinde Güssing Güssing", 7540),
	(7, 7, "Großpetersdorf Bezirk Oberwart", 7503),
	(8, 8, "L359 Ackerhäuser Gemeinde Grafenschachen Bezirk Oberwart", 8233),
	(9, 9, "Thermenstraße Lutzmannsburg Bezirk Oberpullendorf", 7361),
	(10, 10, "Stadtfeuerwehr Mattersburg 3 Langendorferweg Mattersburg Bezirk Mattersburg", 7210),
	(11, 11, "Gemeinde Markt Sankt Martin Bezirk Oberpullendorf", 7341),
	(12, 12, "Fischteich Obere Wiesen Gemeinde Neusiedl am See Bezirk Neusiedl", 7100),
	(13, 13, "SEGELCLUB PODERSDORF-NORD Seeufergasse Podersdorf am See Bezirk Neusiedl", 7141),
	(14, 14, "Steinamangerstraße Rechnitz Bezirk Oberwart", 7471),
	(15, 15, "Wörterberg Güssing", 8293),
	(16, 16, "9 Arriach Villach-Land", 9543),
	(17, 17, "Bad Bleiberg Villach-Land", 9530),
	(18, 18, "Bad Eisenkappel Eisenkappel-Vellach Völkermarkt", 9135),
	(19, 19, "Dellach im Drautal Spittal an der Drau", 9772),
	(20, 20, "Großkirchheim Spittal an der Drau", 9843),
	(21, 21, "Feistritz ob Bleiburg Völkermarkt", 9143),
	(22, 22, "4040a Bahnhofstraße Lindl Feldkirchen in Kärnten Feldkirchen", 9560),
	(23, 23, "26 Georg-Lora-Straße Ferlach Klagenfurt-Land", 9170),
	(24, 24, "17 Flattnitz Bezirk St. Veit an der Glan", 9346),
	(25, 25, "Dorfstraße Fresach Villach-Land", 9712),
	(26, 26, "9360 Friesach 4 Industriestraße Friesach Bezirk St. Veit an der Glan", 9360),
	(27, 27, "1 Moostratte Gmünd in Kärnten Spittal an der Drau", 9853),
	(28, 28, "Görtschach Hermagor", 9615),
	(29, 29, "Observatorium Kanzelhöhe Kanzelhöhe Treffen Villach-Land", 9521),
	(30, 30, "P3 Parkplatz 3 Sankt Michael im Lungau Tamsweg - Lungau", 5582),
	(31, 31, "16 Flughafenstraße Annabichl Terndorf Klagenfurt am Wörthersee", 9020),
	(32, 32, "Gailtal Bundesstraße Lesachtal Hermagor", 9652),
	(33, 33, "Aquarena Schlanke Gasse Kötschach-Mauthen Hermagor", 9640),
	(34, 34, "Tauernbad (mit Sauna) Tauerntalstraße Mallnitz Spittal an der Drau", 9822),
	(35, 35, "17 Großdombra Spittal an der Drau", 9872),
	(36, 36, "Räuflach 2 Unterochenig Obervellach Spittal an der Drau", 9821),
	(37, 37, "14 Goritschacherweg Pörtschach am Wörther See Klagenfurt-Land", 9210),
	(38, 38, "76 Unterpreitenegg Wolfsberg", 9451),
	(39, 39, "Goldeckstadion 6 Zur Seilbahn Aneterhof Spittal an der Drau", 9800),
	(40, 40, "Wirtschaftshofweg Sankt Andrä Wolfsberg", 9433),
	(41, 41, "Altglandorf Planhof Sankt Veit an der Glan Bezirk St. Veit an der Glan", 9300),
	(42, 42, "Jägersteig Bad Bleiberg Villach-Land", 9530),
	(43, 42, "1 Kasernengasse St. Agathen Villach", 9500),
	(44, 43, "8b Diexer Straße Neubruch Völkermarkt", 9100),
	(45, 44, "59 Gatschach Weißensee Spittal an der Drau", 9762),
	(46, 45, "4 Weitensfeld Weitensfeld im Gurktal Bezirk St. Veit an der Glan", 9344),
	(47, 46, "Truppenambulanz L56 Allentsteig Bezirk Zwettl", 3804),
	(48, 47, "Wassering Greimpersdorf Amstetten Bezirk Amstetten", 3300),
	(49, 48, "Pittental Kindergartengasse Leiding Warth Bezirk Neunkirchen", 2840),
	(50, 49, "4 Dörrweg Gemeinde Bad Deutsch-Altenburg Bezirk Bruck an der Leitha", 2405),
	(51, 50, "103 L82 Dürnberg Bärnkopf Bezirk Zwettl", 3665),
	(52, 51, "13 Wiesengasse Kolonie Gemeinde Berndorf Bezirk Baden", 2560),
	(53, 52, "19 Schöffelgasse Brunn am Gebirge Bezirk Mödling", 2345),
	(54, 53, "Schutzhaus am Buchberg 12 Buchbergstraße Gemeinde Maria-Anzbach Bezirk St. Pölten", 3034),
	(55, 54, "Flurgasse Gänserndorf Bezirk Gänserndorf", 2230),
	(56, 55, "Gemeinde Gars am Kamp Bezirk Horn", 3571),
	(57, 56, "Versuchswirtschaft Groß-Enzersdorf der Universität für Bodenkultur Wien 31 Schloßhofer Straße Groß-Enzersdorf Thavonhof Gemeinde Groß-Enzersdorf Bezirk Gänserndorf", 2301),
	(58, 57, "Sportplatz Gumpoldskirchen Gartengasse Richardhof Gemeinde Gumpoldskirchen Bezirk Mödling", 2352),
	(59, 58, "Servitenkloster Wurzelweg Schweighof Gemeinde Gutenstein Bezirk Wiener Neustadt", 2770),
	(60, 59, "Liechtensteinhaus 1 Familienabfahrt Gemeinde Semmering Bezirk Neunkirchen", 2680),
	(61, 60, "Hochkogelhaus 127 Hochkogelstraße KG Maiersdorf Gemeinde Hohe Wand Bezirk Wiener Neustadt", 2724),
	(62, 61, "37 Johannesgasse Gemeinde Hohenau an der March Bezirk Gänserndorf", 2273),
	(63, 62, "36 Raabser Straße Gemeinde Horn Bezirk Horn", 3580),
	(64, 63, "ORS Sendestation Jauerling L7133a Maria Laach Bezirk Krems", 3643),
	(65, 64, "Klausen-Leopoldsdorf Gemeinde Klausen-Leopoldsdorf Bezirk Baden", 2533),
	(66, 65, "Wein- und Obstbauschule Krems 101 Wiener Straße Landersdorf Weinzierl Gemeinde Krems Krems", 3500),
	(67, 66, "46 Bundesstraße Jägerhof Gemeinde Krumbach Bezirk Wiener Neustadt", 2851),
	(68, 67, "Schilfweg Bezirk Mistelbach", 2136),
	(69, 68, "Bundesfachschule für Flugtechnik Bahnweg Gemeinde Tulln an der Donau Bezirk Tulln", 3425),
	(70, 69, "Gartenbauschule Gärtnerei Krumpöck-Allee Gemeinde Langenlois Bezirk Krems", 3550),
	(71, 70, "Aussichtswarte Oberleis Römerweg Haidhof Ernstbrunn Bezirk Korneuburg", 2116),
	(72, 71, "Taurerweg Taurer Gemeinde Lilienfeld Bezirk Lilienfeld", 3180),
	(73, 72, "74 Kaspar-Schrammel-Weg Drei Brüder Gemeinde Litschau Bezirk Gmünd", 3874),
	(74, 73, "Prof. Franz Ruttner Weg Oisreitl Lunz am See Bezirk Scheibbs", 3293),
	(75, 74, "Gemeinde Melk Melk", 3390),
	(76, 75, "8 Dr. Pönninger-Straße Gemeinde Mistelbach Bezirk Mistelbach", 2130),
	(77, 76, "180 Mönichkirchen Bezirk Neunkirchen", 2872),
	(78, 77, "Unimarkt Leichtfried 32 Oberer Gries Hubbauer Oberndorf an der Melk Bezirk Scheibbs", 3281),
	(79, 78, "10 Wasserleitungsweg Waldbauer Gemeinde Ternitz Bezirk Neunkirchen", 2630),
	(80, 79, "30 Singergasse Poysdorf Bezirk Mistelbach", 2170),
	(81, 80, "2a Hinterer Bahnweg Öhlerhansl Gemeinde Puchberg am Schneeberg Bezirk Neunkirchen", 2734),
	(82, 81, "Reither Straße Raabs an der Thaya Bezirk Waidhofen an der Thaya", 3820),
	(83, 82, "Gsohlboden Gsolhirnsteig Bergsteigerhaus Arbesleitner Gemeinde Reichenau an der Rax Bezirk Neunkirchen", 2651),
	(84, 83, "3b Erlangerplatz Grünsting Gemeinde Reichenau an der Rax Bezirk Neunkirchen", 2651),
	(85, 83, "Windmühlheuriger 1 Kalvarienberg Retz Bezirk Hollabrunn", 2070),
	(86, 84, "117 Schöngrabern Hübelgrund Grabern Bezirk Hollabrunn", 2020),
	(87, 85, "16 Umfahrungsstraße Gemeinde Klein-Neusiedl Bezirk Bruck an der Leitha", 1300),
	(88, 86, "Schrödinger-Straße AIT Gemeinde Seibersdorf Bezirk Baden", 2444),
	(89, 87, "Christophorus 6 Passhöhe Dürrhof Gemeinde Spital am Semmering Bezirk Bruck-Mürzzuschlag", 2680),
	(90, 88, "Museum Niederösterreich 5 Franz-Schubert-Platz Eisberg Gemeinde St. Pölten St. Pölten", 3100),
	(91, 89, "Stift Zwettl Kammertor-Brücke Gemeinde Zwettl-Niederösterreich Bezirk Zwettl", 3910),
	(92, 90, "ÖGV Stockerau Alois-Rohrauer-Straße Leitzersbrunn Gemeinde Stockerau Bezirk Korneuburg", 2000),
	(93, 91, "12 Wachtberg Behamberg Bezirk Amstetten", 4441),
	(94, 92, "Schmiedestraße Wasservorstadt Berghof Waidhofen Bezirk Waidhofen an der Ybbs", 3340),
	(95, 93, "Grünhofstraße Obereichen Waidhofen Bezirk Waidhofen an der Ybbs", 3340),
	(96, 93, "Franz-Human Straße Gemeinde Weitra Bezirk Gmünd", 3970),
	(97, 94, "Dürnbacherstraße Gemeinde Wieselburg Bezirk Scheibbs", 3250),
	(98, 95, "Wirtschaftshof Wolkersdorf 3 Wienerfeldstraße Wolkersdorf Bezirk Mistelbach", 2120),
	(99, 96, "Flugplatz Wiener Neustadt/West Flugfeldgürtel Gemeinde Wiener Neustadt Statuarstadt Wiener Neustadt", 2700),
	(100, 97, "B8a Zwerndorf Bezirk Gänserndorf", 2295),
	(101, 98, "Ernst Danner Gesellschaft m.b.H. & Co. KG 56 Nachdemsee Altmünster Gmunden", 4813),
	(102, 99, "Revital 1-2 Im Wiesengrund Aspach Braunau am Inn", 5151),
	(103, 100, "Volksschule Schenner-Siedlung Bad Goisern am Hallstättersee Gmunden", 4822),
	(104, 101, "8 Hintersteinstraße Bad Ischl Gmunden", 4820),
	(105, 102, "L1454 Bad Zell Freistadt", 4284),
	(106, 103, "VA-Straße AMAG Austria Metall AG Braunau-Neustadt Braunau am Inn", 5280),
	(107, 104, "Dachstein Gletscherbahn Hunerkogel Klettersteig Obertraun Gmunden", 4831),
	(108, 105, "Schladminger Gletscher Koppenkarstein Westgrad Klettersteig Ramsau Gröbming Gmunden", 8972),
	(109, 106, "Höhenharter Güterweg Hochholzergut Enns Linz-Land", 4470),
	(110, 107, "Wetterwarte 15 Hüttendorf Feuerkogel Ebensee am Traunsee Gmunden", 4802),
	(111, 108, "15 An der Feldaist Graben Freistadt", 4240),
	(112, 109, "Pühretstraße Gallspach Grieskirchen", 4713),
	(113, 110, "Flughafen Linz-Hörsching Flughafenstraße Feuersteinsiedlung Hörsching Linz-Land", 4063),
	(114, 111, "7 Brezergarten Kollerschlag Rohrbach", 4154),
	(115, 112, "Stift Kremsmünster Hauptstraße Kremsmünster Kirchdorf an der Krems", 4550),
	(116, 113, "23 Kroatengasse Altstadtviertel Innere Stadt Linz", 4020),
	(117, 114, "Neue Mittelschule und Polytechnische Schule Mattighofen 4b Trattmannsberger Weg Mattighofen Braunau am Inn", 5230),
	(118, 115, "20 Franz-Aigner-Straße Micheldorf in Oberösterreich Kirchdorf an der Krems", 4563),
	(119, 116, "Alpenseebad Mondsee 3 Seebadstraße Mondsee Vöcklabruck", 5310),
	(120, 117, "Bezirksabfallverband Braunau + Strassenmeisterei Ostermiething Weilhartstraße Ostermiething Braunau am Inn", 5121),
	(121, 118, "1 Gewerbezeile Reichenau im Mühlkreis Urfahr-Umgebung", 4204),
	(122, 119, "Pflanzenzuchtstation Reichersberg 86 Reichersberg Ried im Innkreis", 4981),
	(123, 120, "24 Südtiroler Straße Ried im Innkreis", 4910),
	(124, 121, "Hauptschule Rohrbach 16 Linzer Straße Rohrbach in Oberösterreich Rohrbach-Berg Rohrbach", 4150),
	(125, 122, "3 B136 Vorstadt Schärding", 4780),
	(126, 123, "Volksschule 159 Sternallee St. Wolfgang im Salzkammergut Gmunden", 5360),
	(127, 124, "Alten- und Pflegeheim St. Klara 20 Salzburger Straße Vöcklabruck", 4840),
	(128, 125, "Landwirtschaftliche Fachschule und Berufsschule Linzerstraße Waizenkirchen Grieskirchen", 4730),
	(129, 126, "Bootshütte Energieweg Schleißheim Wels-Land", 4600),
	(130, 127, "Kindergarten Weyer 5 J. Bachbauer-Straße Weyer Steyr-Land", 3335),
	(131, 128, "Zum guten Hirten 7 Römerweg Windischgarsten Kirchdorf an der Krems", 4580),
	(132, 129, "Wolfsegg am Hausruck Vöcklabruck", 4902),
	(133, 130, "Parkplatz West Markt Abtenau Hallein", 5441),
	(134, 131, "Felsentherme Dr. Max John-Weg Pyrkershöhe Bad Gastein Sankt Johann im Pongau", 5640),
	(135, 132, "Tauernradweg Bischofshofen Sankt Johann im Pongau", 5500),
	(136, 133, "380 Obergäu Golling an der Salzach Hallein", 5440),
	(137, 134, "Panoramabahn Großarltal I Bergstraße Hubdörfl Großarl Sankt Johann im Pongau", 5611),
	(138, 135, "Talstation Materialseilbahn Kolmstraße Rauris Zell am See", 5661),
	(139, 136, "68 Kolomanstraße Rauchenschwandt Thalgau Salzburg-Umgebung", 5303),
	(140, 137, "Unterkrimml Krimml Zell am See", 5743),
	(141, 138, "B311 Lofer Zell am See", 5090),
	(142, 139, "Schönbühelbahn B178 Waidring Kitzbühel", 6384),
	(143, 140, "Feuerwehr Maria Alm 7 Almerau Maria Alm am Steinernen Meer Zell am See", 5761),
	(144, 141, "628 Höhenweg Mariapfarr Tamsweg - Lungau", 5571),
	(145, 142, "Parkplatz Nord Mattseer Landesstraße Mattsee Salzburg-Umgebung", 5163),
	(146, 143, "Golfclub Mittersill-Stuhlfelden B168 Klausen Mittersill Zell am See", 5730),
	(147, 144, "1 Pionierstraße Obertauern Tweng Tamsweg - Lungau", 5562),
	(148, 145, "Schloss Tandalier 12 Tandalierstraße Radstadt Sankt Johann im Pongau", 5550),
	(149, 146, "Hochalmbahn Liftweg Rauris Zell am See", 5661),
	(150, 146, "Bergstation Weißsee Gletscherlehrweg Uttendorf Zell am See", 5723),
	(151, 147, "433 Glemmtaler Landesstraße Saalbach-Hinterglemm Zell am See", 5753),
	(152, 148, "46 Pammer Wirtschaftsweg Piesendorf Zell am See", 5700),
	(153, 149, "Sonnblick Observatorium 100 Erfurterweg (123) Rauris Zell am See", 5661),
	(154, 149, "40 Niederuntersberg Sankt Veit im Pongau Sankt Johann im Pongau", 5621),
	(155, 150, "20 Glashüttenstraße Sankt Michael im Lungau Tamsweg - Lungau", 5582),
	(156, 150, "Volksschule St. Veit 1 Schulstraße Sankt Veit im Pongau Sankt Johann im Pongau", 5621),
	(157, 150, "Lagerhaus Raiffeisenstraße Keusching Tamsweg Tamsweg - Lungau", 5580),
	(158, 151, "Hallenbad Sauna Zell am See 5 Steinergasse Einöd Altstadt Zell am See", 5700),
	(159, 152, "25 Aflenz Kurort Bezirk Bruck-Mürzzuschlag", 8623),
	(160, 153, "Kaserne Fliegerhorst Fiala-Fernbrugg Flughafenweg Aigen im Ennstal Bezirk Liezen", 8943),
	(161, 154, "Golf Club Ausseerland 392 Sommersbergerseestraße Am Schwabenwald Lerchenreith Bad Aussee Bezirk Liezen", 8990),
	(162, 155, "30 Kaiser-Franz-Josef-Straße Vausulz Bad Gleichenberg Südoststeiermark", 8344),
	(163, 156, "Grimminghalle 350 Bad Mitterndorf Bezirk Liezen", 8983),
	(164, 157, "Landeskrankenhaus Bad Radkersburg 1 Dr. Schwaiger-Straße Oberlaafeld Bad Radkersburg Südoststeiermark", 8490),
	(165, 158, "E-Werk 2 Murinsel Paulahofsiedlung Bruck an der Mur Bezirk Bruck-Mürzzuschlag", 8600),
	(166, 159, "!= Siemensstraße Deutschlandsberg", 8530),
	(167, 160, "Höller  Pferschywirt Eichberger Landesstraße Rohrbach an der Lafnitz Bezirk Hartberg-Fürstenfeld", 8234),
	(168, 161, "20 Unterweißenbach Südoststeiermark", 8330),
	(169, 162, "Schanzsattelstraße Fischbach Weiz", 8654),
	(170, 163, "Kläranlagenweg Frohnleiten Graz-Umgebung", 8130),
	(171, 164, "77 Fehringer Straße Fürstenfeld Bezirk Hartberg-Fürstenfeld", 8280),
	(172, 165, "33 Am Tieberhof Gleisdorf Weiz", 8200),
	(173, 166, "Waldweg Kalsdorf Graz-Umgebung", 8073),
	(174, 167, "Kooperative Mittelschule BG und BRG Klusemannstraße 25 Klusemannstraße Webling Straßgang Graz", 8053),
	(175, 168, "Karl-Franzens-Universität Graz Universitätsplatz Geidorf Graz", 8010),
	(176, 169, "573 Wiessackstraße Krahbergsiedlung Gröbming Stoderstraße 801 Gröbming Bezirk Liezen", 8962),
	(177, 169, "226 Sulzbauerweg Grabnerhof Admont Bezirk Liezen", 8911),
	(178, 170, "Stadion Hartberg Edelseegasse Lebing Hartberg Bezirk Hartberg-Fürstenfeld", 8230),
	(179, 171, "Versuchsanstaltweg Falkenburg Irdning-Donnersbachtal Bezirk Liezen", 8952),
	(180, 172, "Kalwang Leoben", 8775),
	(181, 173, "Flugplatz Kapfenberg Radelsdorfer Straße Mürzbogen Kapfenberg Bezirk Bruck-Mürzzuschlag", 8605),
	(182, 174, "Therme Nova Köflach Piberstraße Köflach Voitsberg", 8580),
	(183, 175, "1 Greimelweg Laßnitzhöhe Graz-Umgebung", 8301),
	(184, 176, "LKH Besucher Zeltenschlagstraße Leoben", 8700),
	(185, 177, "47 Bundesstraße Schmelzer Mariazell Bezirk Bruck-Mürzzuschlag", 8630),
	(186, 178, "134 Mooslandl Bezirk Liezen", 8921),
	(187, 179, "Grazer Straße Achner Murau", 8850),
	(188, 180, "Vivax Nansenweg Haunzwickl Mürzzuschlag Bezirk Bruck-Mürzzuschlag", 8680),
	(189, 181, "10 Bahnhofstraße Neumarkt in der Steiermark Murau", 8820),
	(190, 182, "75 Bromach Oberwölz Murau", 8832),
	(191, 183, "11 B115 Vordernberg Leoben", 8794),
	(192, 184, "58 Schildlehen Gröbming Bezirk Liezen", 8972),
	(193, 184, "Schoberpaß Straße Rottenmann Bezirk Liezen", 8786),
	(194, 185, "Alpengasthof 74 Getscho - World Cup Section St. Radegund Graz-Umgebung", 8061),
	(195, 186, "107 Seckau Murtal", 8732),
	(196, 187, "2 Willersdorfer Straße St. Radegund Graz-Umgebung", 8061),
	(197, 187, "Stolzalpenstraße Achner Murau", 8850),
	(198, 187, "Gemeindebauhof Altstoffzentrum Wagnastraße Wagna Leibnitz", 8430),
	(199, 188, "Flugplatz Zeltweg Haldenweg Zeltweg Murtal", 8740),
	(200, 189, "Achensee 17 Achenkirch Schwaz", 6215),
	(201, 190, "Neue Mittelschule Alpbach 670 Alpbach Moos Alpbach Kufstein", 6236),
	(202, 191, "259 Raststation Brennerpaß Gries am Brenner Innsbruck-Land", 6156),
	(203, 192, "Pitztalgletscher Pitztaler Gletschersteig St. Leonhard im Pitztal Imst", 6481),
	(204, 193, "68a Hauptstraße Ehrwald Reutte (Außerfern)", 6632),
	(205, 194, "Paznaun Paznauntalstraße Kappl Landeck", 6555),
	(206, 195, "Verwallstube Arlberg Straßentunnel Stubiger Alpe Klösterle Bludenz", 6762),
	(207, 196, "Ehrenbachhöhe Kirchberg in Tirol Kitzbühel", 6365),
	(208, 197, "Sonnenrast Ehrenbachhöhe Kirchberg in Tirol Kitzbühel", 6365),
	(209, 197, "Alte Bundesstraße Unterriedern Haiming Imst", 6425),
	(210, 198, "794 Hintertux Tux Schwaz", 6294),
	(211, 199, "1 Kulturhausstraße Hochfilzen Kitzbühel", 6395),
	(212, 200, "Skischule Holzgau 23a Holzgau Reutte (Außerfern)", 6654),
	(213, 201, "5 Meraner Straße Imst", 6460),
	(214, 202, "Idalp-Panorama Flimjochtrail Untere Velillalpe Ischgl Landeck", 6561),
	(215, 203, "16 Tiwagstraße Tiroler Wasserkraft AG Auhof Jenbach Schwaz", 6200),
	(216, 204, "Rubisoier Kals Lienz", 9981),
	(217, 205, "Kanal Pumpstation 61 Wenger Straße Kirchdorf in Tirol Kitzbühel", 6382),
	(218, 206, "Legenden Park Legenden-Pfad Kitzbühel", 6370),
	(219, 207, "B172 Edernalm Kössen Kitzbühel", 6345),
	(220, 208, "26 Weissachstraße Mitterndorf Weissach Kufstein", 6330),
	(221, 209, "29 Innstraße Landeck", 6500),
	(222, 210, "APG Werk UW-Lienz 8 Bürgerau Lienz", 9900),
	(223, 211, "Freiwillige Feuerwehr Mayrhofen Zillertalstraße Ahornach Alm Mayrhofen Schwaz", 6290),
	(224, 212, "501 Nauders Landeck", 6543),
	(225, 213, "Franz-Senn-Straße Neustift im Stubaital Innsbruck-Land", 6167),
	(226, 214, "9 Gaisbergweg Sölden Imst", 6456),
	(227, 215, "ORS Sendeanlage 3 Zirbenweg Tulfes Innsbruck-Land", 6082),
	(228, 216, "Mittagskogel Pitztaler Gletschersteig St. Leonhard im Pitztal Imst", 6481),
	(229, 216, "TIWAG 59 Dorfstraße Prutz Landeck", 6522),
	(230, 217, "29 Oberlüß Reutte Reutte (Außerfern)", 6600),
	(231, 218, "22 Hauptstraße Unterlavierenbad Rinn Innsbruck-Land", 6074),
	(232, 219, "Klausen 19 Hochmark Brandach Schmirn Innsbruck-Land", 6154),
	(233, 220, "632a Möserer Straße Seefeld Innsbruck-Land", 6100),
	(234, 221, "Sillian Lienz", 9920),
	(235, 222, "Ahornsee Gänsleit Bach Fallbichl Söll Kufstein", 6306),
	(236, 223, "Lemmererweg Jagdhütte Sankt Anton am Arlberg Landeck", 6580),
	(237, 224, "Matlis 28 Außerrotte Sankt Jakob in Defereggen Lienz", 9963),
	(238, 225, "Pitztalstraße St. Leonhard im Pitztal Imst", 6481),
	(239, 225, "164 Erlach Steinach am Brenner Innsbruck-Land", 6150),
	(240, 226, "4 Neu Kienzen Kienzerle Tannheim Reutte (Außerfern)", 6675),
	(241, 227, "Hauptschule 1 Schulplatz Umhausen Imst", 6441),
	(242, 228, "Vallugabahn II Bergstation Boschweg Sankt Anton am Arlberg Bludenz", 6763),
	(243, 228, "101 Virgental Straße Göriach Virgen Lienz", 9972),
	(244, 229, "733 Dresslen Bregenz", 6861),
	(245, 230, "4a Rungelinerstraße Bludenz", 6700),
	(246, 231, "Feuerwehr/Bergrettung 59 Gufer Brand Bludenz", 6708),
	(247, 232, "Kapuzinerkloster Kapuzinergasse Bregenz", 6900),
	(248, 233, "Foracheck Rohrbach Dornbirn", 6850),
	(249, 234, "Feuerwehrausbildungszentrum Feldkirch 1 Florianistraße Altenstadt Rankweil Feldkirch", 6800),
	(250, 235, "12 Alte Dorfstraße Fraxern Feldkirch", 6833),
	(251, 236, "Montafon Galgenul Montielmaisäß Sankt Gallenkirch Bludenz", 6791),
	(252, 237, "Klostertal Arlberg Schnellstraße Dalaas Bludenz", 6752),
	(253, 238, "Speichersee Beschneiungsanlage Gapfohl Leseweg Laterns Feldkirch", 6830),
	(254, 239, "Schlegelkopfbahn II Burgwald Bike Trail Grubenalpe Lech Bludenz", 6764),
	(255, 240, "Spielplatz Mittelberg Moosstraße Mittelberg Bregenz", 6993),
	(256, 241, "Salzmann Camping Polderdamm Höchst Bregenz", 6973),
	(257, 242, "264 Bregenzerwaldstraße Schoppernau Bregenz", 6886),
	(258, 243, "122 Oberboden Bregenz", 6888),
	(259, 244, "216 Dorf Sulzberg Bregenz", 6934),
	(260, 245, "Wiesengrund 58 Warth Obere Hirschgehrenalpe Warth Bregenz", 6767),
	(261, 245, "Veterinärmedizinische Universität Josef-Baumann-Gasse Großfeldsiedlung KG Leopoldau Floridsdorf Neujedlersdorf", 1210),
	(262, 246, "Zentralanstalt für Meteorologie und Geodynamik Perntergasse KG Heiligenstadt Döbling", 1190),
	(263, 247, "2-4 Schaurhofergasse Freihausviertel KG Wieden Wieden", 1040),
	(264, 248, "Jubiläumswarte Pelzer Rennweg Kordon KG Hütteldorf Penzing Schottenhof", 1140),
	(265, 249, "Haltung II Wienflussweg Stadt des Kindes KG Weidlingau Penzing Wurzbachtal", 1140),
	(266, 249, "Zwerchbreitelngasse KG Stammersdorf Floridsdorf Neujedlersdorf", 1210),
	(267, 249, "Betriebsregionsleitung Ost 5 Am Johannesberg KG Unterlaa Favoriten Stierofen", 1100);


INSERT INTO stationType (stationTypeId, name) 
VALUES (1, "TAWES"),
	(2, "VAMES");
    
INSERT INTO measurementType (measurementTypeId, name)
VALUES (1, "Lufttemperatur"),
	(2, "Luftdruck"),
	(3, "Regenmenge"),
	(4, "Luftfeuchtigkeit"),
	(5, "Windgeschwindigkeit"),
	(6, "Windrichtung");

INSERT INTO unit (unitId, name)
VALUES (1, "km/h"),
	(2, "hPa"),
    (3, "mm"),
    (4, "C"),
    (5, "F"),
    (6, "%"),
	(7, "grad");

    
INSERT INTO user (userId, firstName, lastName, email, password) 
VALUES (1, "admin", "admin", "test@test.com", "$1$YOXunEUT$4X9aCMw9B63FkjCntsoGG0"),
	(2, "Carmelia", "Birchfield", "test2@test.com", "$1$YOXunEUT$4X9aCMw9B63FkjCntsoGG0"),
	(3, "Kristi", "Luman", "test3@test.com", "$1$YOXunEUT$4X9aCMw9B63FkjCntsoGG0"),
	(4, "Georgie", "Albarran","test4@test.com", "$1$YOXunEUT$4X9aCMw9B63FkjCntsoGG0"),
	(5, "Classie", "Reams", "test5@test.com", "$1$YOXunEUT$4X9aCMw9B63FkjCntsoGG0"),
	(6, "Letha", "Fodor", "test6@test.com", "$1$YOXunEUT$4X9aCMw9B63FkjCntsoGG0"),
	(7, "Tiffanie", "Maio", "test7@test.com", "$1$YOXunEUT$4X9aCMw9B63FkjCntsoGG0"),
	(8, "Malik", "Puckett", "test8@test.com", "$1$YOXunEUT$4X9aCMw9B63FkjCntsoGG0"),
	(9, "Sylvester", "Womac", "test9@test.com", "$1$YOXunEUT$4X9aCMw9B63FkjCntsoGG0"),
	(10, "Iona", "Urrutia", "test10@test.com", "$1$YOXunEUT$4X9aCMw9B63FkjCntsoGG0"),
	(11, "Tressa", "Ristau", "test11@test.com", "$1$YOXunEUT$4X9aCMw9B63FkjCntsoGG0"),
	(12, "Ossie", "Marquardt", "test12@test.com", "$1$YOXunEUT$4X9aCMw9B63FkjCntsoGG0"),
	(13, "Callie", "Rench", "test13@test.com", "$1$YOXunEUT$4X9aCMw9B63FkjCntsoGG0"),
	(14, "Gwenn", "Slovak", "test14@test.com", "$1$YOXunEUT$4X9aCMw9B63FkjCntsoGG0"),
	(15, "Detra", "Theriot", "test15@test.com", "$1$YOXunEUT$4X9aCMw9B63FkjCntsoGG0"),
	(16, "Dianne", "Tingey", "test16@test.com", "$1$YOXunEUT$4X9aCMw9B63FkjCntsoGG0"),
	(17, "Merna", "Ouk", "test17@test.com", "$1$YOXunEUT$4X9aCMw9B63FkjCntsoGG0"),
	(18, "Priscila", "Lynam", "test18@test.com", "$1$YOXunEUT$4X9aCMw9B63FkjCntsoGG0"),
	(19, "Jamee", "Neyman", "test19@test.com", "$1$YOXunEUT$4X9aCMw9B63FkjCntsoGG0"),
	(20, "Francisca", "Wimberley", "test20@test.com", "$1$YOXunEUT$4X9aCMw9B63FkjCntsoGG0"),
	(21, "Giuseppe", "Schirmer", "test21@test.com", "$1$YOXunEUT$4X9aCMw9B63FkjCntsoGG0"),
	(22, "Chasidy", "Paredez", "test22@test.com", "$1$YOXunEUT$4X9aCMw9B63FkjCntsoGG0"),
	(23, "Karima", "Marney", "test23@test.com", "$1$YOXunEUT$4X9aCMw9B63FkjCntsoGG0"),
	(24, "Roxie", "Dandy", "test24@test.com", "$1$YOXunEUT$4X9aCMw9B63FkjCntsoGG0"),
	(25, "Gracia", "Ogburn", "test25@test.com", "$1$YOXunEUT$4X9aCMw9B63FkjCntsoGG0");
    
INSERT INTO permission (permissionId, name, description) 
VALUES (1, "admin", "Volle Zugriffsrechte"),
	(2, "user", "Voller Zugriff auf eigene Stationen");
    
INSERT INTO hasPermission (permissionId, userId)
VALUES (1, 1),
	(2, 2),
    (2, 3),
    (2, 4),
    (2, 5),
    (2, 6),
    (2, 7),
    (2, 8),
    (2, 9),
    (2, 10),
    (2, 11),
    (2, 12),
	(2, 13),
	(2, 14),
	(2, 15),
	(2, 16),
	(2, 17),
	(2, 18),
	(2, 19),
	(2, 20),
	(2, 21),
	(2, 22),
	(2, 23),
	(2, 24),
	(2, 25);

INSERT INTO station (stationId, name, longitude, latitude, stationTypeId, addressId, userId) VALUES
	(1, "ANDAU", 17.03333282, 47.77249908, 2, 1, 1),
	(2, "BAD TATZMANNSDORF ", 16.22499847, 47.33805466, 1, 2, 2),
	(3, "BERNSTEIN", 16.26138878, 47.40833282, 1, 3, 3),
	(4, "BRUCKNEUDORF", 16.84499931, 48.01277924, 1, 4, 4),
	(5, "EISENSTADT-NORDOST", 16.53833389, 47.85416794, 2, 5, 5),
	(6, "GÜSSING", 16.32194328, 47.0625, 2, 6, 6),
	(7, "KLEINZICKEN", 16.33555603, 47.20750046, 1, 7, 7),
	(8, "KROISEGG", 16.04222107, 47.3786087, 1, 8, 8),
	(9, "LUTZMANNSBURG", 16.6455555, 47.46527863, 2, 9, 9),
	(10, "MATTERSBURG", 16.38916588, 47.74499893, 1, 10, 10),
	(11, "NEUDORF/LANDSEE", 16.38138771, 47.56277847, 1, 11, 11),
	(12, "NEUSIEDL AM SEE", 16.82888794, 47.94916534, 1, 12, 12),
	(13, "PODERSDORF", 16.83444405, 47.86611176, 1, 13, 13),
	(14, "RECHNITZ  ", 16.45416641, 47.30138779, 1, 14, 14),
	(15, "WÖRTERBERG", 16.09666634, 47.22610855, 1, 15, 15),
	(16, "ARRIACH", 13.85249996, 46.72777557, 1, 16, 16),
	(17, "BAD BLEIBERG", 13.68444443, 46.62527847, 1, 17, 17),
	(18, "BAD EISENKAPPEL", 14.59333324, 46.49055481, 1, 18, 18),
	(19, "DELLACH", 13.08277702, 46.74194336, 1, 19, 19),
	(20, "DÖLLACH", 12.90250015, 46.9580574, 1, 20, 20),
	(21, "FEISTRITZ ob BLEIBURG", 14.76666641, 46.55888748, 2, 21, 21),
	(22, "FELDKIRCHEN", 14.09694386, 46.7219429, 1, 22, 22),
	(23, "FERLACH", 14.31416702, 46.53110886, 1, 23, 23),
	(24, "FLATTNITZ", 14.03611088, 46.94083405, 1, 24, 24),
	(25, "FRESACH", 13.68527699, 46.71527863, 1, 25, 25),
	(26, "FRIESACH", 14.40583324, 46.95861053, 1, 26, 1),
	(27, "GMÜND", 13.53416634, 46.90277863, 1, 27, 2),
	(28, "HERMAGOR", 13.49222183, 46.60972214, 2, 28, 3),
	(29, "KANZELHÖHE", 13.90194416, 46.67722321, 2, 29, 4),
	(30, "KATSCHBERG", 13.61472225, 47.0605545, 1, 30, 5),
	(31, "KLAGENFURT-FLUGHAFEN", 14.31833267, 46.6483345, 1, 31, 6),
	(32, "KORNAT", 12.88888836, 46.68500137, 1, 32, 7),
	(33, "KÖTSCHACH-MAUTHEN", 12.99722195, 46.67722321, 1, 33, 8),
	(34, "MALLNITZ", 13.16666603, 46.99194336, 1, 34, 9),
	(35, "MILLSTATT", 13.57277679, 46.80805588, 1, 35, 10),
	(36, "OBERVELLACH", 13.1944437, 46.93527603, 1, 36, 11),
	(37, "PÖRTSCHACH", 14.16527748, 46.63083267, 1, 37, 12),
	(38, "PREITENEGG", 14.91499996, 46.93805695, 2, 38, 13),
	(39, "SPITTAL/DRAU", 13.48722172, 46.79055405, 2, 39, 14),
	(40, "ST.ANDRÄ/LAVANTTAL", 14.82805443, 46.76416779, 2, 40, 15),
	(41, "ST.VEIT/GLAN", 14.38555527, 46.73916626, 2, 41, 16),
	(42, "VILLACHER ALPE", 13.67277718, 46.60361099, 1, 42, 17),
	(43, "VILLACH-STADT", 13.87388802, 46.61805344, 1, 43, 17),
	(44, "VÖLKERMARKT-GOLDBRUNNHOF", 14.63916588, 46.67083359, 1, 44, 18),
	(45, "WEISSENSEE-GATSCHACH", 13.28583336, 46.71860886, 1, 45, 19),
	(46, "WEITENSFELD", 14.19083309, 46.84916687, 2, 46, 20),
	(47, "ALLENTSTEIG", 15.36694336, 48.69083405, 1, 47, 21),
	(48, "AMSTETTEN", 14.8949995, 48.10889053, 2, 48, 22),
	(49, "ASPANG", 16.10138893, 47.57500076, 2, 49, 23),
	(50, "BAD DEUTSCH-ALTENBURG ", 16.9066658, 48.13638687, 1, 50, 24),
	(51, "BÄRNKOPF", 15.00277805, 48.39110947, 1, 51, 25),
	(52, "BERNDORF", 16.10111046, 47.93916702, 1, 52, 1),
	(53, "BRUNN AM GEBIRGE", 16.26999855, 48.10694504, 1, 53, 2),
	(54, "BUCHBERG", 15.94499969, 48.2136116, 1, 54, 3),
	(55, "GÄNSERNDORF", 16.7136116, 48.33777618, 1, 55, 4),
	(56, "GARS/KAMP", 15.69999981, 48.59194565, 1, 56, 5),
	(57, "GROSS-ENZERSDORF", 16.55916595, 48.19972229, 1, 57, 6),
	(58, "GUMPOLDSKIRCHEN", 16.28083229, 48.03583145, 1, 58, 7),
	(59, "GUTENSTEIN/MARIAHILFBERG", 15.87611008, 47.87138748, 1, 59, 8),
	(60, "HIRSCHENKOGEL", 15.83333302, 47.62333298, 1, 60, 9),
	(61, "HOHE WAND/HOCHKOGELHAUS", 16.03499985, 47.82221985, 1, 61, 10),
	(62, "HOHENAU", 16.90444374, 48.61639023, 1, 62, 11),
	(63, "HORN", 15.65361118, 48.67055511, 1, 63, 12),
	(64, "JAUERLING", 15.33916664, 48.33444595, 2, 64, 13),
	(65, "KLAUSEN-LEOPOLDSDORF", 16.00166702, 48.0886116, 1, 65, 14),
	(66, "KREMS", 15.62138844, 48.41833115, 2, 66, 15),
	(67, "KRUMBACH  ", 16.18666649, 47.52805328, 1, 67, 16),
	(68, "LAA/TH.KLÄRANLAGE", 16.38972282, 48.73138809, 2, 68, 17),
	(69, "LANGENLEBARN", 16.11805534, 48.32388687, 1, 69, 18),
	(70, "LANGENLOIS", 15.69722176, 48.47249985, 1, 70, 19),
	(71, "LEISER BERGE", 16.37166595, 48.55888748, 1, 71, 20),
	(72, "LILIENFELD-TARSCHBERG", 15.58749962, 48.02805328, 1, 72, 21),
	(73, "LITSCHAU", 15.03833294, 48.95472336, 2, 73, 22),
	(74, "LUNZ AM SEE", 15.06749916, 47.8544426, 1, 74, 23),
	(75, "MELK", 15.33138847, 48.20972061, 1, 75, 24),
	(76, "MISTELBACH", 16.60944366, 48.5708313, 1, 76, 25),
	(77, "MÖNICHKIRCHEN", 16.03333282, 47.51111221, 1, 77, 1),
	(78, "OBERNDORF/MELK", 15.21388912, 48.0625, 1, 78, 2),
	(79, "POTTSCHACH", 16.00805473, 47.70083237, 1, 79, 3),
	(80, "POYSDORF-OST", 16.63749886, 48.66916656, 1, 80, 4),
	(81, "PUCHBERG/SCHNEEBERG", 15.90694427, 47.79027557, 1, 81, 5),
	(82, "RAABS/THAYA", 15.50194454, 48.84805679, 1, 82, 6),
	(83, "RAX/SEILBAHNBERGSTATION", 15.77861023, 47.71749878, 1, 83, 7),
	(84, "REICHENAU/RAX", 15.83694458, 47.69972229, 2, 84, 8),
	(85, "RETZ/WINDMÜHLE", 15.9416666, 48.76111221, 1, 85, 8),
	(86, "SCHÖNGRABERN", 16.06166649, 48.60333252, 1, 86, 9),
	(87, "SCHWECHAT", 16.58138847, 48.11750031, 1, 87, 10),
	(88, "SEIBERSDORF", 16.50499916, 47.97638702, 1, 88, 11),
	(89, "SEMMERING", 15.8283329, 47.6333313, 1, 89, 12),
	(90, "ST.PÖLTEN/LANDHAUS", 15.63111019, 48.19972229, 2, 90, 13),
	(91, "STIFT ZWETTL", 15.20361137, 48.61777878, 1, 91, 14),
	(92, "STOCKERAU", 16.19249916, 48.39694595, 1, 92, 15),
	(93, "WACHTBERG BEI STEYR", 14.46111107, 48.04750061, 1, 93, 16),
	(94, "WAIDHOFEN/YBBS-ZENTRUM ALT", 14.78444386, 47.95777893, 1, 94, 17),
	(95, "WAIDHOFEN/YBBS", 14.80972195, 47.94555664, 1, 95, 18),
	(96, "WEITRA", 14.89861107, 48.70222092, 1, 96, 18),
	(97, "WIESELBURG", 15.14666653, 48.12722015, 1, 97, 19),
	(98, "WOLKERSDORF", 16.50749969, 48.38027573, 1, 98, 20),
	(99, "WR.NEUSTADT/FLUGPLATZ", 16.23138809, 47.83222198, 1, 99, 21),
	(100, "ZWERNDORF", 16.83138847, 48.33805466, 1, 100, 22),
	(101, "ALTMÜNSTER", 13.7733326, 47.87916565, 1, 101, 23),
	(102, "ASPACH", 13.30000019, 48.18305588, 1, 102, 24),
	(103, "BAD GOISERN", 13.64472198, 47.62194443, 1, 103, 25),
	(104, "BAD ISCHL", 13.64722157, 47.70611191, 1, 104, 1),
	(105, "BAD ZELL", 14.66361141, 48.35499954, 1, 105, 2),
	(106, "BRAUNAU/RANSHOFEN", 13.02833271, 48.22416687, 1, 106, 3),
	(107, "DACHSTEIN-HUNERKOGEL", 13.62638855, 47.46777725, 1, 107, 4),
	(108, "DACHSTEIN-SCHLADMING GLETSCHER", 13.63249969, 47.47444534, 1, 108, 5),
	(109, "ENNS", 14.45027733, 48.1958313, 2, 109, 6),
	(110, "FEUERKOGEL", 13.71777725, 47.81666565, 1, 110, 7),
	(111, "FREISTADT", 14.50638866, 48.49472046, 1, 111, 8),
	(112, "GALLSPACH ", 13.82499886, 48.20416641, 1, 112, 9),
	(113, "HÖRSCHING", 14.18805504, 48.23527908, 1, 113, 10),
	(114, "KOLLERSCHLAG", 13.83916664, 48.60277939, 2, 114, 11),
	(115, "KREMSMÜNSTER ", 14.13111019, 48.05500031, 1, 115, 12),
	(116, "LINZ-STADT", 14.28527737, 48.29638672, 1, 116, 13),
	(117, "MATTIGHOFEN", 13.15111065, 48.09722137, 2, 117, 14),
	(118, "MICHELDORF", 14.13444424, 47.88305664, 2, 118, 15),
	(119, "MONDSEE", 13.34722233, 47.85083389, 1, 119, 16),
	(120, "OSTERMIETHING", 12.83166599, 48.05305481, 1, 120, 17),
	(121, "REICHENAU/MÜHLKREIS", 14.34555531, 48.45916748, 2, 121, 18),
	(122, "REICHERSBERG", 13.37611008, 48.33111191, 1, 122, 19),
	(123, "RIED IM INNKREIS", 13.47499943, 48.21722031, 1, 123, 20),
	(124, "ROHRBACH", 13.99416637, 48.56972122, 1, 124, 21),
	(125, "SCHÄRDING", 13.43444443, 48.46416855, 1, 125, 22),
	(126, "ST.WOLFGANG", 13.44194412, 47.74027634, 1, 126, 23),
	(127, "VÖCKLABRUCK", 13.6455555, 48.00666809, 2, 127, 24),
	(128, "WAIZENKIRCHEN", 13.86472225, 48.32666779, 2, 128, 25),
	(129, "WELS-SCHLEISSHEIM", 14.07138824, 48.16277695, 1, 129, 1),
	(130, "WEYER", 14.66583347, 47.85722351, 2, 130, 2),
	(131, "WINDISCHGARSTEN", 14.32611084, 47.72027588, 1, 131, 3),
	(132, "WOLFSEGG", 13.67083263, 48.10555649, 1, 132, 4),
	(133, "ABTENAU", 13.34333324, 47.56666565, 1, 133, 5),
	(134, "BAD GASTEIN", 13.13333321, 47.11055374, 1, 134, 6),
	(135, "BISCHOFSHOFEN", 13.22111034, 47.4066658, 1, 135, 7),
	(136, "GOLLING", 13.18166637, 47.59111023, 2, 136, 8),
	(137, "GROSSARLTAL", 13.19472218, 47.24139023, 1, 137, 9),
	(138, "KOLM SAIGURN", 12.98472214, 47.06944275, 1, 138, 10),
	(139, "KOLOMANSBERG", 13.27527714, 47.8777771, 1, 139, 11),
	(140, "KRIMML", 12.18194389, 47.22916412, 1, 140, 12),
	(141, "LOFER/ORT", 12.69527721, 47.58444595, 2, 141, 13),
	(142, "LOFERER ALM", 12.64527702, 47.59722137, 1, 142, 14),
	(143, "MARIA ALM", 12.8983326, 47.40611267, 1, 143, 15),
	(144, "MARIAPFARR", 13.74499989, 47.15222168, 1, 144, 16),
	(145, "MATTSEE", 13.10555553, 47.97722244, 1, 145, 17),
	(146, "MITTERSILL", 12.4958334, 47.27916718, 1, 146, 18),
	(147, "OBERTAUERN", 13.55972195, 47.24888992, 1, 147, 19),
	(148, "RADSTADT-TANDALIER", 13.44083309, 47.38000107, 2, 148, 20),
	(149, "RAURIS", 12.99249935, 47.22360992, 1, 149, 21),
	(150, "RUDOLFSHÜTTE", 12.62583256, 47.13499832, 1, 150, 21),
	(151, "SAALBACH", 12.6483326, 47.38777924, 1, 151, 22),
	(152, "SCHMITTENHÖHE", 12.73805523, 47.32860947, 1, 152, 23),
	(153, "SONNBLICK ", 12.95750046, 47.05416489, 1, 153, 24),
	(154, "ST.JOHANN IM PONGAU", 13.18666649, 47.31972122, 1, 154, 24),
	(155, "ST.MICHAEL/LUNGAU", 13.62277699, 47.09444427, 2, 155, 25),
	(156, "ST.VEIT IM PONGAU", 13.15499973, 47.32916641, 1, 156, 25),
	(157, "TAMSWEG", 13.8083334, 47.13305664, 1, 157, 25),
	(158, "ZELL AM SEE", 12.7952776, 47.32666779, 2, 158, 1),
	(159, "AFLENZ", 15.24083328, 47.54583359, 1, 159, 2),
	(160, "AIGEN/ENNSTAL", 14.13833332, 47.53277588, 1, 160, 3),
	(161, "BAD AUSSEE", 13.75833321, 47.61055374, 2, 161, 4),
	(162, "BAD GLEICHENBERG", 15.90361118, 46.8722229, 1, 162, 5),
	(163, "BAD MITTERNDORF", 13.93472195, 47.55333328, 1, 163, 6),
	(164, "BAD RADKERSBURG", 15.99333286, 46.6922226, 1, 164, 7),
	(165, "BRUCK/MUR", 15.24972153, 47.40555573, 1, 165, 8),
	(166, "DEUTSCHLANDSBERG", 15.22694397, 46.82166672, 2, 166, 9),
	(167, "EICHBERG", 15.93694401, 47.40000153, 1, 167, 10),
	(168, "FELDBACH", 15.87972164, 46.94888687, 1, 168, 11),
	(169, "FISCHBACH", 15.64388847, 47.44416809, 2, 169, 12),
	(170, "FROHNLEITEN", 15.31499958, 47.2555542, 2, 170, 13),
	(171, "FÜRSTENFELD", 16.08083344, 47.0308342, 1, 171, 14),
	(172, "GLEISDORF", 15.7080555, 47.11555481, 1, 172, 15),
	(173, "GRAZ-FLUGHAFEN", 15.43999958, 46.98055649, 1, 173, 16),
	(174, "GRAZ-STRASSGANG", 15.41027737, 47.04611206, 2, 174, 17),
	(175, "GRAZ-UNIVERSITÄT", 15.44888878, 47.07777786, 1, 175, 18),
	(176, "GRÖBMING", 13.90416622, 47.44666672, 1, 176, 19),
	(177, "HALL/ADMONT", 14.49083328, 47.59444427, 2, 177, 19),
	(178, "HARTBERG", 15.97861004, 47.28055573, 2, 178, 20),
	(179, "IRDNING-GUMPENSTEIN", 14.09972191, 47.49499893, 1, 179, 21),
	(180, "KALWANG", 14.75972176, 47.42138672, 2, 180, 22),
	(181, "KAPFENBERG-FLUGFELD", 15.33555508, 47.45833206, 2, 181, 23),
	(182, "KÖFLACH ", 15.0872221, 47.06999969, 1, 182, 24),
	(183, "LASSNITZHÖHE", 15.59222221, 47.07361221, 1, 183, 25),
	(184, "LEOBEN", 15.08666611, 47.37833405, 2, 184, 1),
	(185, "MARIAZELL/ST.SEBASTIAN-FLUGFELD", 15.30222225, 47.7891655, 2, 185, 2),
	(186, "MOOSLANDL", 14.7616663, 47.64749908, 1, 186, 3),
	(187, "MURAU", 14.17694378, 47.11111069, 2, 187, 4),
	(188, "MÜRZZUSCHLAG", 15.67277718, 47.60222244, 1, 188, 5),
	(189, "NEUMARKT", 14.42472172, 47.06972122, 2, 189, 6),
	(190, "OBERWÖLZ", 14.28666592, 47.20194626, 1, 190, 7),
	(191, "PRÄBICHL", 14.95416641, 47.52166748, 1, 191, 8),
	(192, "RAMSAU AM DACHSTEIN", 13.63416672, 47.42527771, 1, 192, 9),
	(193, "ROTTENMANN", 14.43027687, 47.50777817, 2, 193, 9),
	(194, "SCHÖCKL", 15.4663887, 47.19861221, 1, 194, 10),
	(195, "SECKAU", 14.77861023, 47.27083206, 1, 195, 11),
	(196, "ST.RADEGUND", 15.48972225, 47.18222046, 1, 196, 12),
	(197, "STOLZALPE", 14.18833256, 47.1230545, 1, 197, 12),
	(198, "WAGNA-LEIBNITZ", 15.55277824, 46.76749802, 2, 198, 12),
	(199, "ZELTWEG", 14.74694443, 47.19972229, 1, 199, 13),
	(200, "ACHENKIRCH CAMPINGPLATZ", 11.70666695, 47.49944305, 1, 200, 14),
	(201, "ALPBACH", 11.94055557, 47.39638901, 1, 201, 15),
	(202, "BRENNER", 11.51083374, 47.00722122, 1, 202, 16),
	(203, "BRUNNENKOGEL", 10.86166668, 46.91277695, 1, 203, 17),
	(204, "EHRWALD", 10.91999912, 47.40416718, 1, 204, 18),
	(205, "GALTÜR", 10.18555546, 46.96805573, 1, 205, 19),
	(206, "GALZIG", 10.23027706, 47.1297226, 1, 206, 20),
	(207, "HAHNENKAMM-EHRENBACHHÖHE", 12.3591671, 47.41833115, 1, 207, 21),
	(208, "HAHNENKAMM-SONNENRAST", 12.35944462, 47.40916824, 1, 208, 22),
	(209, "HAIMING", 10.88944435, 47.25972366, 1, 209, 22),
	(210, "HINTERTUX ", 11.67472172, 47.10694504, 1, 210, 23),
	(211, "HOCHFILZEN", 12.62111092, 47.47027588, 1, 211, 24),
	(212, "HOLZGAU", 10.33861065, 47.25749969, 1, 212, 25),
	(213, "IMST", 10.74222183, 47.23694229, 1, 213, 1),
	(214, "ISCHGL-IDALPE", 10.31722164, 46.98249817, 1, 214, 2),
	(215, "JENBACH", 11.75805569, 47.38888931, 2, 215, 3),
	(216, "KALS", 12.64638901, 47.0047226, 2, 216, 4),
	(217, "KIRCHDORF", 12.46305561, 47.56611252, 1, 217, 5),
	(218, "KITZBÜHEL", 12.38916588, 47.44388962, 1, 218, 6),
	(219, "KÖSSEN", 12.39388847, 47.66277695, 2, 219, 7),
	(220, "KUFSTEIN", 12.1627779, 47.57527542, 1, 220, 8),
	(221, "LANDECK", 10.56361103, 47.14027786, 1, 221, 9),
	(222, "LIENZ", 12.80638885, 46.82555389, 2, 222, 10),
	(223, "MAYRHOFEN", 11.85138893, 47.16249847, 2, 223, 11),
	(224, "NAUDERS", 10.49694443, 46.89110947, 1, 224, 12),
	(225, "NEUSTIFT/MILDERS", 11.2919445, 47.10277939, 1, 225, 13),
	(226, "OBERGURGL", 11.02444363, 46.86666489, 1, 226, 14),
	(227, "PATSCHERKOFEL", 11.4622221, 47.20888901, 1, 227, 15),
	(228, "PITZTALER GLETSCHER", 10.87916565, 46.92694473, 1, 228, 16),
	(229, "PRUTZ", 10.66472244, 47.06861115, 1, 229, 16),
	(230, "REUTTE", 10.71527767, 47.4944458, 2, 230, 17),
	(231, "RINN", 11.50388908, 47.24916458, 1, 231, 18),
	(232, "SCHMIRN", 11.58027744, 47.08722305, 1, 232, 19),
	(233, "SEEFELD", 11.17555523, 47.32472229, 1, 233, 20),
	(234, "SILLIAN", 12.42361069, 46.74638748, 2, 234, 21),
	(235, "SÖLL", 12.20027733, 47.50305557, 1, 235, 22),
	(236, "ST.ANTON AM ARLBERG", 10.26666641, 47.13138962, 2, 236, 23),
	(237, "ST.JAKOB/DEF.", 12.35388851, 46.9169426, 1, 237, 24),
	(238, "ST.LEONHARD/PITZTAL", 10.86555576, 47.02722168, 1, 238, 25),
	(239, "STEINACH AM BRENNER", 11.46611118, 47.09833145, 2, 239, 25),
	(240, "TANNHEIM", 10.50583363, 47.50027847, 1, 240, 1),
	(241, "UMHAUSEN", 10.92888832, 47.13916779, 1, 241, 2),
	(242, "VALLUGA", 10.21277809, 47.15750122, 1, 242, 3),
	(243, "VIRGEN", 12.45583344, 47.0027771, 1, 243, 3),
	(244, "ALBERSCHWENDE", 9.848610878, 47.45750046, 1, 244, 4),
	(245, "BLUDENZ", 9.829443932, 47.14777756, 1, 245, 5),
	(246, "BRAND", 9.738332748, 47.10305405, 1, 246, 6),
	(247, "BREGENZ", 9.746110916, 47.49916458, 2, 247, 7),
	(248, "DORNBIRN", 9.725554466, 47.43249893, 1, 248, 8),
	(249, "FELDKIRCH", 9.609722137, 47.27111053, 2, 249, 9),
	(250, "FRAXERN", 9.674444199, 47.31416702, 1, 250, 10),
	(251, "GASCHURN", 10.02861023, 46.98583221, 1, 251, 11),
	(252, "LANGEN AM ARLBERG", 10.12333298, 47.13166428, 1, 252, 12),
	(253, "LATERNS-GAPFOHL", 9.760000229, 47.27499771, 1, 253, 13),
	(254, "LECH AM ARLBERG", 10.1408329, 47.20999908, 1, 254, 14),
	(255, "MITTELBERG", 10.15250015, 47.32333374, 1, 255, 15),
	(256, "ROHRSPITZ", 9.629999161, 47.4972229, 1, 256, 16),
	(257, "SCHOPPERNAU", 10.01777744, 47.31138992, 1, 257, 17),
	(258, "SCHRÖCKEN", 10.08611107, 47.26166534, 1, 258, 18),
	(259, "SULZBERG", 9.914722443, 47.52222061, 1, 259, 19),
	(260, "WARTH", 10.1861105, 47.25583267, 1, 260, 20),
	(261, "WIEN-DONAUFELD", 16.43138885, 48.25722122, 1, 261, 20),
	(262, "WIEN-HOHE WARTE", 16.35638809, 48.24861145, 2, 262, 21),
	(263, "WIEN-INNERE STADT", 16.36694336, 48.19833374, 1, 263, 22),
	(264, "WIEN-JUBILÄUMSWARTE", 16.26527786, 48.2211113, 1, 264, 23),
	(265, "WIEN-MARIABRUNN", 16.2294445, 48.20694351, 1, 265, 24),
	(266, "WIEN-STAMMERSDORF", 16.40555573, 48.30583191, 1, 266, 24),
	(267, "WIEN-UNTERLAA", 16.41944313, 48.125, 1, 267, 24);